{"val_loss":1.2305970191955566,"_wandb":{"runtime":42},"train_loss":0.9944236278533936,"learning_rate":0.0005000022919867836,"iteration":2400,"_timestamp":1.736707473604855e+09,"_runtime":42.316735667,"_step":35}