{"val_loss":1.2494003653526307,"_wandb":{"runtime":42},"learning_rate":0.0005000022919867836,"iteration":2400,"_timestamp":1.736707375830565e+09,"_runtime":42.921500214,"_step":35,"train_loss":0.9271441102027893}