{"_wandb":{"runtime":30},"iteration":2400,"_timestamp":1.736706157534932e+09,"_runtime":30.634995866,"_step":35,"train_loss":1.0378700494766235,"learning_rate":0.0005000022919867836,"val_loss":1.2860156357288361}