{"_runtime":156.823184019,"_step":29,"train_loss":1.3148075342178345,"learning_rate":0.0001,"iteration":2000,"val_loss":1.3619003415107727,"_wandb":{"runtime":156},"_timestamp":1.736705583069122e+09}