{"learning_rate":0.0005000022919867836,"iteration":2400,"_timestamp":1.7367069895283883e+09,"val_loss":1.5199786603450776,"_wandb":{"runtime":46},"_runtime":46.115546587,"_step":35,"train_loss":1.3996044397354126}