{"iteration":2400,"_timestamp":1.736707052527532e+09,"_runtime":43.757869818,"_step":35,"val_loss":1.3849721372127533,"_wandb":{"runtime":43},"train_loss":1.354708194732666,"learning_rate":0.0005000022919867836}